name,address
Dish Gourmet,info@dishgourmet.com
Kasa Japanese Grill & Bar,wskim@kasallc.com
Zoe Ma Ma,info@zoemama.com
The Bitter Bar,info@thebitterbar.com
Frasca Food & Wine,info@frascafoodandwine.com
Mustard's Last Stand,info@mustardslaststand.us
River and Woods,jobs@riverandwoodsboulder.com
Fior Di Latte,ciao@fiordilattegelato.com
Jaipur Indian Restaurant,info@jaipurindianrestaurant.com
LAtelier,latelierpearl@gmail.com
Pizza Colore,info@pizzeriacolore.com
Buff Restaurant,thebuffrestaurant@gmail.com
Kalita Grill Greek Cafe,kalitagrill@yahoo.com
Tiffins India Cafe,ashwanipandey398@gmail.com
Native Foods Cafe,sandra.thum@nativefoods.com
Sip,sipcoffeewinebeer@gmail.com
Boss Lady Pizza,whitney@bossladypizza.com
Avery Brewing Company,info@averybrewing.com
Via Perla,info@viaperla.com
BRU Handbuilt Ales and Eats,info@bruboulder.com
Picas Mexican Taqueria,info@picastaqueria.com
Le Frigo Deli and Previsions,yvan@lefrigoboulder.com
Luckys Cafe ,luckyscafemanager@gmail.com
Dagabi,noahananda@gmail.com
La Choza,contact@lachozaboulder.com
Decadent Saint,info@decadentsaint.com
Walnut Brewery,boulder@walnutbrewery.com
Upslope Brewing,katie@upslopebrewing.com
